state,admin1_pcode,district,township,admin3_pcode,population_2021_proj,fs_pin,fs_targeted,battles,explosions_remote_violence,protests_and_riots,strategic_developments,violence_against_civilians,conflict_score,fatalities,area_sown_acres,population_density,flood_prob,flood_count,beneficiaries_2021,partners_2021,ben_6_months,not_in_6months,conflict_ranking,flood_ranking,fs_pin_ranking,fs_target_ranking,fs_pin_pc,pin_pop,group
Ayeyarwady,MMR017,Hinthada,Hinthada,MMR017008,338333.0329836413,102515,13327.061831061234,0,3,1,6,0,0.0123522006653434,1,270909,334.2440733430459,0.3333333333333333,5,0,0,NA,1,212,5,13,60,0.007753090490638929,0.30300026898336196,B2
Ayeyarwady,MMR017,Hinthada,Zalun,MMR017009,168152.32215033146,50950,6624.480065287993,1,1,0,4,0,0.00495799760284937,0,168675,267.8101558840312,0.26666666666666666,4,7842,1,70578,0,268,6,91,103,0.003853289377145329,0.3029990864738086,B2
Ayeyarwady,MMR017,Hinthada,Lemyethna,MMR017010,102992.95991876331,31207,4057.107311638337,0,1,0,1,0,0.00174418682493287,0,118669,102.24544602489684,0.2,3,0,0,NA,1,291,7,172,146,0.002360149197106463,0.3030012927545225,B2
Ayeyarwady,MMR017,Hinthada,Myanaung,MMR017011,218515.143772356,66210,8606.688498081088,0,1,2,11,3,0.02362567018527656,2,247932,142.09033450575592,0.3333333333333333,5,0,0,NA,1,169,5,55,84,0.005007385469299161,0.3029995947053264,B2
Ayeyarwady,MMR017,Hinthada,Kyangin,MMR017012,96054.05117132452,29104,3784.430973441061,0,2,0,2,1,0.00503821746855175,0,98370,82.97201659317125,0.13333333333333333,2,6315,1,NA,1,265,8,191,152,0.0022011017474472556,0.3029960698699667,B2
Ayeyarwady,MMR017,Hinthada,Ingapu,MMR017013,214319.40828568256,64939,8441.9585078309,0,0,1,4,3,0.01251733952740184,1,236055,127.48400230202388,0.3333333333333333,5,0,0,NA,1,209,5,57,86,0.004911261214179402,0.3030010231898265,B2
Ayeyarwady,MMR017,Labutta,Labutta,MMR017016,315123.0280291265,95482,12413.303933374356,0,2,1,2,2,0.01169855596493115,2,410559,125.97449327238034,0.2,3,2538,2,1706,0,217,7,18,64,0.007221192861797651,0.30299911941432184,B2
Ayeyarwady,MMR017,Labutta,Mawlamyinegyun,MMR017018,311246.19643100415,94308,12260.01232259513,3,6,1,4,2,0.0203222470391686,3,383710,255.03406057718703,0.13333333333333333,2,2635,2,2797,0,189,8,21,67,0.007132404604118189,0.3030012931287526,B2
Ayeyarwady,MMR017,Maubin,Maubin,MMR017019,313998.3669801612,95142,12367.604337309436,1,14,2,23,8,0.05568260603482827,8,329697,223.16211072941744,0.26666666666666666,4,8543,1,76887,0,107,6,20,66,0.007195479056336818,0.30300157582033277,B2
Ayeyarwady,MMR017,Maubin,Pantanaw,MMR017020,264516.27992181526,80148,10418.703742303838,0,1,1,6,1,0.01167464846621606,0,206170,198.25380423070325,0.26666666666666666,4,8071,2,70481,0,218,6,31,76,0.006061500235514109,0.30299836374415157,B2
Ayeyarwady,MMR017,Maubin,Nyaungdon,MMR017021,215840.9497225939,65400,8502.024990500482,0,7,1,6,3,0.02098580789793685,1,187074,239.43105804301265,0.26666666666666666,4,0,0,NA,1,183,6,56,85,0.004946126109230707,0.3030008906282811,B2
Ayeyarwady,MMR017,Maubin,Danubyu,MMR017022,179298.96276896607,54328,7063.413880781774,0,3,1,2,1,0.01090937296083334,1,223534,238.0697198396546,0.26666666666666666,4,0,0,NA,1,227,6,80,99,0.004108763597282659,0.30300231055995464,B2
Ayeyarwady,MMR017,Myaungmya,Myaungmya,MMR017014,298547.0237154422,90460,11760.23274045477,0,5,3,11,2,0.03022896430263675,0,294485,259.5116188558383,0.13333333333333333,2,19656,2,412,0,154,8,24,70,0.006841384829373238,0.3030008434658563,B2
Ayeyarwady,MMR017,Myaungmya,Einme,MMR017015,194042.51934686952,58795,7642.66517759526,0,0,1,4,0,0.00763244994179816,0,281640,259.1224369589217,0.13333333333333333,2,12384,2,464,0,246,8,72,95,0.004446597623734242,0.3030006010945381,B2
Ayeyarwady,MMR017,Myaungmya,Wakema,MMR017017,289018.8953086076,87573,11383.545731921822,0,2,1,11,1,0.01664686494389064,1,408054,244.82345902063642,0.13333333333333333,2,290,1,412,0,197,8,27,71,0.006623044369474935,0.3030009505312502,B2
Ayeyarwady,MMR017,Pathein,Pathein,MMR017001,380870.2131022873,115404,15001.522321111168,6,15,15,50,14,0.15675511277162602,31,143137,246.16725832341155,0.26666666666666666,4,365,1,365,0,34,6,8,56,0.00872787060412325,0.30300085443806246,A2
Ayeyarwady,MMR017,Pathein,Kangyidaunt,MMR017002,177936.37342697513,53915,7009.08625177284,2,7,0,10,2,0.02066890397306631,5,238923,224.26838352878067,0.26666666666666666,4,290,1,452,0,186,6,83,101,0.004077528886531706,0.30300156714235077,B2
Ayeyarwady,MMR017,Pathein,Thabaung,MMR017003,154353.48085355895,46769,6080.016389222492,0,1,0,0,2,0.00456642284059717,2,181914,72.81974487864807,0.26666666666666666,4,18341,1,1792,0,271,6,109,110,0.003537085198816681,0.3029993216957092,B2
Ayeyarwady,MMR017,Pathein,Ngapudaw,MMR017004,324381.2377842096,98288,12776.623054800893,1,3,0,8,1,0.01219862522163611,3,225530,100.5611414055591,0.2,3,0,0,NA,1,213,7,16,62,0.0074334073856891095,0.30300149500442075,B2
Ayeyarwady,MMR017,Pathein,Kyonpyaw,MMR017005,235655.97785729854,71404,9281.51105795806,1,7,0,10,1,0.0183851111484065,6,243288,285.5233082957942,0.2,3,0,0,NA,1,192,7,44,82,0.0054002016621331715,0.3030010129564321,B2
Ayeyarwady,MMR017,Pathein,Yegyi,MMR017006,194041.51964815924,58795,7642.704552480257,0,9,0,10,3,0.02180145514988983,3,199184,149.10428427405347,0.3333333333333333,5,0,0,NA,1,178,5,72,94,0.004446597623734242,0.3030021621486397,B2
Ayeyarwady,MMR017,Pathein,Kyaunggon,MMR017007,162985.87921606208,49385,6419.986217708902,0,4,0,1,0,0.00473224365733442,0,243871,238.35907206094348,0.26666666666666666,4,290,1,452,0,270,6,95,107,0.0037349302431859094,0.3030017093354009,B2
Ayeyarwady,MMR017,Pyapon,Pyapon,MMR017023,314027.3582427568,95150,12370.462376100239,0,10,2,10,3,0.03207703093122786,3,283445,220.84037084902027,0.26666666666666666,4,7985,1,71865,0,149,6,19,65,0.007196084087053544,0.3029990779543638,B2
Ayeyarwady,MMR017,Pyapon,Bogale,MMR017024,322567.78432392236,97738,12706.054975718567,1,2,0,8,0,0.00918204619972494,1,413614,159.01072355213503,0.2,3,3936,2,3936,0,236,7,17,63,0.007391811523914233,0.30299988017976265,B2
Ayeyarwady,MMR017,Pyapon,Kyaiklat,MMR017025,193281.7486284138,58564,7612.631939322028,0,3,0,6,0,0.00747706411719566,0,271134,311.31295799313386,0.13333333333333333,2,0,0,NA,1,250,8,73,97,0.004429127361788794,0.3029980865528587,B2
Ayeyarwady,MMR017,Pyapon,Dedaye,MMR017026,202864.86046430896,61468,7991.1531492459535,0,1,1,1,0,0.00638396524353496,0,NA,225.72811396579283,0.2,3,0,0,NA,1,257,7,63,90,0.0046487535119601395,0.3029997401191833,B2
Bago (East),MMR111,Bago,Bago,MMR007001,498305.6738756886,117102,17564.725000187475,0,16,11,23,14,0.13435787410576977,121,172830,168.72215234247676,0.26666666666666666,4,0,0,NA,1,45,6,7,50,0.00885628837374823,0.2350003344116311,A2
Bago (East),MMR111,Bago,Thanatpin,MMR007002,147318.53400533367,34620,3462.014450934979,NA,NA,NA,NA,NA,0,NA,316393,153.58426065465528,0.2,3,2403,1,NA,1,298,7,146,157,0.002618270426629466,0.23500098092712884,B2
Bago (East),MMR111,Bago,Kawa,MMR007003,200122.70765377962,47029,7053.674570218364,0,4,0,2,1,0.0072656134863651,1,373201,169.08741338037933,0.2,3,2456,1,NA,1,252,7,107,100,0.0035567486971102586,0.2350008180049316,B2
Bago (East),MMR111,Bago,Waw,MMR007004,178475.18666098692,41942,4193.833120107248,0,3,0,3,3,0.01035280818994794,2,288025,184.80328329755434,0.26666666666666666,4,3758,1,NA,1,232,6,124,141,0.0031720247901124514,0.23500185535409301,B2
Bago (East),MMR111,Bago,Nyaunglebin,MMR007005,202272.3514078065,47534,4752.599775620112,5,8,2,5,2,0.03175906866378716,12,249515,272.60480880889247,0.3333333333333333,5,0,0,NA,1,151,5,102,130,0.003594941261103554,0.23499998724079435,B2
Bago (East),MMR111,Bago,Kyauktaga,MMR007006,254724.6729889659,59860,8978.955277361709,0,2,3,6,3,0.02622670253265437,5,293725,88.26459454428952,0.2,3,0,0,NA,1,163,7,70,83,0.00452714233789832,0.23499882951108156,B2
Bago (East),MMR111,Bago,Daik-U,MMR007007,205361.95731276876,48260,7238.99100473608,0,2,1,2,2,0.01216927222402245,4,341251,157.67465485903585,0.2,3,0,0,NA,1,214,7,100,98,0.0036498477986463902,0.2349997079863211,B2
Bago (East),MMR111,Bago,Shwegyin,MMR007008,108964.63070530172,25607,2561.331221257637,0,1,0,3,0,0.00582946201153304,11,85370,44.02676370751646,0.3333333333333333,5,0,0,NA,1,260,5,210,192,0.0019366276953986347,0.23500286133447226,B2
Bago (East),MMR111,Taungoo,Taungoo,MMR007009,265720.30358739407,62444,6243.572894913285,5,3,3,6,4,0.03428919146258311,6,108546,151.72678615196628,0.2,3,0,0,NA,1,147,7,62,108,0.004722567259400646,0.2349989788396523,B2
Bago (East),MMR111,Taungoo,Yedashe,MMR007010,216579.6501669196,50896,5090.3782491838365,0,1,0,1,4,0.00912035274740516,5,164517,81.56600473008572,0.13333333333333333,2,0,0,NA,1,239,8,93,124,0.0038492054198074324,0.23499899441509883,B2
Bago (East),MMR111,Taungoo,Kyaukkyi,MMR007011,114913.6683962809,28928,8000,13,6,0,6,2,0.0437075633529,52,110876,56.02159696830596,0.3333333333333333,5,4357,2,45,0,132,5,193,89,0.002187791071679295,0.2517368073242733,B2
Bago (East),MMR111,Taungoo,Phyu,MMR007012,260870.42336309663,61305,6129.545084729588,2,5,2,3,2,0.02342532214504662,8,268080,111.04392448325919,0.2,3,0,0,NA,1,170,7,65,109,0.0046364260111068575,0.23500172694806287,B2
Bago (East),MMR111,Taungoo,Oktwin,MMR007013,162062.85939557207,38085,3807.522863995888,0,0,0,1,1,0.00253336982903067,1,173948,111.2889881675877,0.2,3,0,0,NA,1,285,7,132,151,0.002880324355811185,0.23500140712092465,B2
Bago (East),MMR111,Taungoo,Htantabin,MMR007014,118915.85891380176,27945,2795.477397053038,3,2,0,1,3,0.01383088195763232,14,152159,215.68190344644566,0.13333333333333333,2,0,0,NA,1,205,8,197,188,0.0021134479223616533,0.2349980923928441,B2
Bago (West),MMR111,Pyay,Pyay,MMR008001,255161.6996200912,59963,5995.700073931217,1,16,4,22,11,0.07415057814919826,22,153572,320.0089060545159,0.26666666666666666,4,0,0,NA,1,84,6,69,115,0.004534932108376161,0.23500000230943188,A2
Bago (West),MMR111,Pyay,Paukkhaung,MMR008002,126601.8493173508,29751,2974.8565479597282,0,0,0,1,0,7.481678807990177e-4,0,166530,65.07417428115555,0.06666666666666667,1,0,0,NA,1,297,9,187,182,0.0022500336066624276,0.2349965672730708,B2
Bago (West),MMR111,Pyay,Padaung,MMR008003,146230.53035058329,34364,3435.5825874756074,0,5,0,9,0,0.01171360564786042,0,91928,57.33114159995835,0.26666666666666666,4,0,0,NA,1,216,6,147,158,0.002598909443694251,0.2349988057734137,B2
Bago (West),MMR111,Pyay,Paungde,MMR008004,139484.50209796958,32779,3278.114204676438,1,8,0,5,8,0.02790134619662125,12,151274,146.97493317745247,0.06666666666666667,1,0,0,NA,1,159,9,156,164,0.0024790377329430174,0.23500101808426752,B2
Bago (West),MMR111,Pyay,Thegon,MMR008005,132788.15900759524,31205,3121.478336622012,0,2,0,6,1,0.00897232150993042,4,145696,168.04188852053733,0.06666666666666667,1,0,0,NA,1,241,9,173,173,0.0023599979394272816,0.23499836305596444,B2
Bago (West),MMR111,Pyay,Shwedaung,MMR008006,123372.31377179622,28992,2898.750647812207,0,1,0,0,1,0.00278122089236551,1,113711,174.05978073694982,0.4,6,0,0,NA,1,283,4,192,184,0.002192631317413099,0.2349959979969815,B2
Bago (West),MMR111,Thayarwady,Thayarwady,MMR008007,153216.87255117073,36006,3601.403540264511,0,3,0,11,0,0.01121790352119074,0,211189,144.9800117137064,0.2,3,0,0,NA,1,222,7,139,153,0.0027230919983021536,0.23500022811113616,B2
Bago (West),MMR111,Thayarwady,Letpadan,MMR008008,179887.66484464705,42274,4226.639906829322,0,1,0,3,1,0.00502572453476256,1,199214,120.45936551527755,0.2,3,0,0,NA,1,266,7,123,140,0.0031971335648565582,0.2350022167251339,B2
Bago (West),MMR111,Thayarwady,Minhla,MMR008009,124203.77975212738,29188,2919.2111911036827,0,2,0,3,0,0.00423654153066475,0,160311,180.5229342203421,0.13333333333333333,2,0,0,NA,1,273,8,190,183,0.002207454569972873,0.23500089979749642,B2
Bago (West),MMR111,Thayarwady,Okpho,MMR008010,128433.10243988504,30182,3017.822103149499,1,0,1,2,1,0.00889062326395123,1,184556,120.47235131181279,0.4,6,0,0,NA,1,242,4,182,177,0.0022826296365260124,0.23500172016888807,B2
Bago (West),MMR111,Thayarwady,Zigon,MMR008011,68467.1675486599,16090,1609.021562895462,0,2,0,0,0,0.002462754147359,2,88508,263.33283282890045,0.13333333333333333,2,0,0,NA,1,287,8,267,229,0.0012168680290140991,0.23500314933526015,B2
Bago (West),MMR111,Thayarwady,Nattalin,MMR008012,174548.03087827645,41019,4102.121277946048,2,3,0,3,3,0.01323285497916944,6,213508,126.90205463519796,0.2,3,0,0,NA,1,206,7,126,144,0.0031022193711702506,0.23500121882558037,B2
Bago (West),MMR111,Thayarwady,Monyo,MMR008013,129353.79891566637,30398,3040.1857368292294,0,1,1,2,1,0.00915269320211129,2,108838,193.99912522394698,0.4666666666666667,7,0,0,NA,1,238,3,180,175,0.0022989654658776,0.23499889647476307,B2
Bago (West),MMR111,Thayarwady,Gyobingauk,MMR008014,119075.0542295481,27983,2797.7362504699418,1,5,1,2,1,0.014341434243711801,3,162533,152.56372654521383,0.2,3,0,0,NA,1,202,7,196,187,0.002116321818266099,0.23500304224976878,B2
Chin,MMR004,Falam,Falam,MMR004001,51831.49727101556,30827,7707.251138876627,10,5,1,20,5,0.06190345168620326,42,15701,17.90848230559596,0.06666666666666667,1,0,0,NA,1,99,9,176,93,0.002331410238062003,0.5947541866061163,A2
Chin,MMR004,Falam,Tedim,MMR004004,94465.77959061916,52712,13178.023747151421,15,5,0,4,4,0.03553713430822497,29,26054,36.13160376644647,0.13333333333333333,2,760,1,0,0,143,8,85,61,0.003986547392504113,0.5580010055327433,B2
Chin,MMR004,Falam,Tonzang,MMR004005,34367.46198817385,19177,5000,0,0,0,1,0,7.481678807990177e-4,0,12546,9.119912971759916,0.13333333333333333,2,490,1,0,0,297,8,246,125,0.0014503342568305392,0.5579987258471102,B2
Chin,MMR004,Hakha,Hakha,MMR004002,52127.97296104466,29200,20000,27,8,7,21,5,0.1219596323978381,115,21775,11.223770441181514,0.06666666666666667,1,2912,1,NA,1,50,9,189,43,0.002208362116047961,0.5601598976776101,A2
Chin,MMR004,Hakha,Thantlang,MMR004003,54307.87785282231,30920,7730.014039556785,15,7,0,16,4,0.09777439617698223,112,13498,14.482704682972276,0.06666666666666667,1,0,0,NA,1,64,9,174,91,0.0023384437201439366,0.5693464967236448,A2
Chin,MMR004,Matupi,Matupi,MMR004007,55361.17512248934,30892,7723.116072157207,10,5,1,9,2,0.06221003198527838,74,14937,8.635335249083264,0.06666666666666667,1,0,0,NA,1,98,9,175,92,0.0023363261126353977,0.558008386412498,A2
Chin,MMR004,Matupi,Paletwa,MMR004009,104632.20052507173,62734,40000,3,5,1,8,0,0.04049828655707586,11,38283,11.910077933803407,0.26666666666666666,4,9726,2,28740,0,137,6,60,30,0.004744499622881945,0.5995668607291483,B2
Chin,MMR004,Mindat,Mindat,MMR004006,45926.77961905409,27757,20000,74,6,1,27,7,0.2143696025078549,295,9928,12.986041644320776,0.06666666666666667,1,3117,2,543,0,21,9,198,43,0.0020992297005186047,0.6043750559093019,A2
Chin,MMR004,Mindat,Kanpetlet,MMR004008,23171.461839256557,13461,5000,22,1,0,8,4,0.05424017236166242,63,7074,8.56469479524659,0.06666666666666667,1,0,0,NA,1,111,9,275,125,0.0010180398097301918,0.58093011538852,B2
Kachin,MMR001,Bhamo,Bhamo,MMR001010,154328.6819752977,47502,11875.51480958475,8,12,1,23,6,0.07708873426879786,20,35680,63.004686533287,0.4,6,11072,8,12710,0,79,4,104,69,0.003592521138236652,0.307797613457253,A2
Kachin,MMR001,Bhamo,Shwegu,MMR001011,107655.37796938862,30515,7629.27225272046,32,13,1,9,6,0.09892299116971529,120,50092,30.685977544347146,0.4,6,1453,3,578,0,62,4,177,96,0.00230781404010971,0.2834507720429612,A2
Kachin,MMR001,Bhamo,Momauk,MMR001012,71457.52921976405,37244,9310.76634196921,105,77,0,12,8,0.30225627488176576,138,30937,33.697204664450965,0.13333333333333333,2,23134,9,18455,0,7,8,134,81,0.0028167205017154196,0.5212046988842554,A2
Kachin,MMR001,Bhamo,Mansi,MMR001013,60134.76943987677,26268,6567.154605327822,20,15,0,1,0,0.07688980196489188,4,17810,24.869355476392105,0.06666666666666667,1,13105,8,6307,0,80,9,207,105,0.001986618358368077,0.4368188361686987,A2
Kachin,MMR001,Mohnyin,Mohnyin,MMR001007,237713.2149515665,62570,15642.46040479048,18,18,8,18,13,0.1311428960153703,102,124161,33.0359675785554,0.06666666666666667,1,2438,1,594,0,46,9,61,53,0.004732096493189073,0.2632163298651633,A2
Kachin,MMR001,Mohnyin,Mogaung,MMR001008,150615.76175055586,40665,10166.563581145812,12,4,6,8,5,0.06280826587037622,4,79630,39.98216678967632,0.13333333333333333,2,1563,3,3110,0,96,8,127,77,0.0030754467619551486,0.269991663072739,A2
Kachin,MMR001,Mohnyin,Hpakant,MMR001009,376752.9342027131,101926,25481.447300020223,77,66,10,24,14,0.2719865119096386,145,28734,57.57522787789535,0.2,3,3822,2,8000,0,11,7,14,38,0.007708545104120016,0.27053803898222173,A2
Kachin,MMR001,Myitkyina,Myitkyina,MMR001001,360733.65404065774,103166,25791.498650643873,12,23,20,32,14,0.21617606396005867,15,39813,50.989516386777474,0.3333333333333333,5,11081,4,19842,0,20,5,12,37,0.0078023248652124635,0.2859893964547381,A2
Kachin,MMR001,Myitkyina,Waingmaw,MMR001002,142592.4921061458,57138,14284.407250148079,40,36,2,12,8,0.1813382948596005,13,77119,25.071304798093855,0.2,3,15365,8,25986,0,28,7,75,58,0.004321280636532479,0.4007083343312809,A2
Kachin,MMR001,Myitkyina,Injangyang,MMR001003,1967.200314852518,933,232.7217121528395,9,1,0,1,0,0.01046795104460792,0,4438,0.3672921590247968,0,NA,641,2,NA,1,229,10,317,250,7.05617073381078e-5,0.47427808594568444,B2
Kachin,MMR001,Myitkyina,Tanai,MMR001004,68169.3970537721,18789,4696.98799300862,34,16,0,9,3,0.07592961348003292,51,17696,4.861215210923626,0.2,3,1926,2,2296,0,81,7,248,134,0.001420990267069354,0.27562221190220026,A2
Kachin,MMR001,Myitkyina,Chipwi,MMR001005,22760.235051575986,7969,1991.5492061604696,0,0,0,4,0,0.01108881732283642,0,4333,5.888645774049136,0,NA,960,1,5434,0,224,10,302,211,6.026862226981576e-4,0.35012819428014663,B2
Kachin,MMR001,Myitkyina,Tsawlaw,MMR001006,7403.124510513114,1940,0,NA,NA,NA,NA,NA,0,NA,1614,1.9657565069020682,0.13333333333333333,2,0,0,NA,1,298,8,314,257,1.4671994880592618e-4,0.26205151584915565,B2
Kachin,MMR001,Puta-O,Puta-O,MMR001014,69368.79863141889,18542,4636.462735824779,12,2,0,16,5,0.04425715897642239,28,24365,9.945512945542742,0,NA,1560,2,NA,1,131,10,250,135,0.0014023099436904552,0.2672959654169628,B2
Kachin,MMR001,Puta-O,Sumprabum,MMR001015,2891.7390309552607,1646,410.6379127492752,11,0,0,1,1,0.02064194159380584,18,6392,0.5144904147332131,0,NA,1698,1,NA,1,187,10,316,249,1.244850699662652e-4,0.5692076575306515,B2
Kachin,MMR001,Puta-O,Machanbaw,MMR001016,10060.889370071365,2636,659.011746469699,1,0,0,1,0,0.00171747501631846,0,5176,2.763964569375613,0,NA,0,0,NA,1,292,10,312,246,1.9935762116104195e-4,0.2620046700683781,B2
Kachin,MMR001,Puta-O,Nawngmun,MMR001017,8090.28166437326,2120,0,0,0,0,5,1,0.00529068322268109,0,3769,0.8789985882328115,0.06666666666666667,1,0,0,NA,1,263,9,313,257,1.6033313993224922e-4,0.2620427925687347,B2
Kachin,MMR001,Puta-O,Khaunglanhpu,MMR001018,13237.713435107447,3468,866.9297756888743,0,0,0,0,1,0.00154984381868601,0,6178,2.1895308723490365,0,NA,0,0,NA,1,293,10,309,242,2.622808157004907e-4,0.2619787788125549,B2
Kayah,MMR002,Bawlake,Bawlake,MMR002005,12712.895004683189,4844,1000,11,2,0,5,2,0.02553062898694831,24,12370,5.643631762005174,0.06666666666666667,1,0,0,NA,1,164,9,307,236,3.6634609897727134e-4,0.3810304417849406,B2
Kayah,MMR002,Bawlake,Hpasawng,MMR002006,29590.199595294787,11348,8000,4,0,0,0,0,0.00423454281054298,0,5461,17.924287463914663,0.13333333333333333,2,0,0,NA,1,274,8,285,89,8.582360716750774e-4,0.38350535498937544,B2
Kayah,MMR002,Bawlake,Mese,MMR002007,7305.63691656903,2982,900,NA,NA,NA,NA,NA,0,NA,12195,3.491897623651977,0,NA,0,0,NA,1,298,10,310,240,2.255251996594185e-4,0.4081779636812893,B2
Kayah,MMR002,Loikaw,Loikaw,MMR002001,148449.29351548982,69687,25000,29,25,11,30,15,0.23477956910410333,56,59003,83.5442951581021,0.06666666666666667,1,9709,4,1149,0,16,9,49,40,0.005270346944555968,0.4694330188424142,A2
Kayah,MMR002,Loikaw,Demoso,MMR002002,91567.29695033768,67077,25000,90,24,1,22,20,0.4211401626308102,387,61411,65.48166638433618,0.13333333333333333,2,4396,4,455,0,2,8,53,40,0.005072955673224283,0.732543192100339,A2
Kayah,MMR002,Loikaw,Hpruso,MMR002003,33960.40177042233,17007,4000,13,7,0,5,4,0.08528036280478479,88,29301,17.788651519030832,0,NA,3637,2,262,0,71,10,262,147,0.001286219674918756,0.5007891283198003,A2
Kayah,MMR002,Loikaw,Shadaw,MMR002004,7794.683350452351,2970,500,3,0,0,0,0,0.00501100400567101,7,5902,3.0975758391303407,0,NA,4,1,137,0,267,10,311,248,2.2461765358433027e-4,0.3810289483828283,B2
Kayin,MMR003,Hpa-An,Hpa-An,MMR003001,437422.79044545017,134831,15000,21,13,5,23,6,0.09539537499490784,39,224282,145.4624394076633,0.5333333333333333,8,7865,1,NA,1,68,2,3,57,0.01019711207085146,0.30823954065743725,A2
Kayin,MMR003,Hpa-An,Hlaingbwe,MMR003002,275878.0378153535,90664,15000,1,4,0,3,1,0.03657471515511894,9,190535,61.546285153184904,0.5333333333333333,8,13503,3,13652,0,140,2,23,57,0.006856813112649737,0.3286379761069703,B2
Kayin,MMR003,Hpa-An,Thandaunggyi,MMR003004,99662.77380742782,32704,7000,7,1,0,4,1,0.0355137589664609,3,16846,26.42217422644672,0.06666666666666667,1,3295,3,460,0,144,9,159,102,0.002473365569973716,0.3281465962726655,B2
Kayin,MMR003,Hpapun,Hpapun,MMR003003,36403.91058003586,36403.91058003586,44320.23954264364,56,42,0,26,8,0.35068764177622197,280,17838,15.57680044277144,0.2,3,0,0,NA,1,6,7,136,28,0.0027531855137311215,1,A2
Kayin,MMR003,Kawkareik,Kawkareik,MMR003006,228625.06669591743,70417,5000,25,11,3,11,2,0.10872790385545028,111,158000,91.35106673625347,0.4666666666666667,7,34057,3,3190,0,59,3,47,125,0.005325555997457166,0.3080020971351233,A2
Kayin,MMR003,Kawkareik,Kyainseikgyi,MMR003007,264429.2491780408,81444,5000,14,14,2,10,9,0.06423315588883995,23,112968,35.43072285222603,0.5333333333333333,8,1342,1,NA,1,94,2,29,125,0.006159515211623634,0.3079992105758451,A2
Kayin,MMR003,Myawaddy,Myawaddy,MMR003005,218454.5912361622,67353,5000,29,22,8,28,7,0.1904530800733085,153,116243,67.0896661511683,0.4,6,8046,2,NA,1,26,4,51,125,0.005093829232951312,0.30831579056714564,A2
Magway,MMR009,Gangaw,Gangaw,MMR009023,132523.7540308305,32767,3277.25118460458,30,39,4,45,18,0.3836843417911789,540,59180,53.603635157139635,0.06666666666666667,1,0,0,NA,1,4,9,157,165,0.0024781301868679294,0.24725378661079164,A2
Magway,MMR009,Gangaw,Tilin,MMR009024,48583.26092104402,10202,1019.7515811746895,11,5,1,7,5,0.04903764056856699,67,130691,36.5979592722804,0.06666666666666667,1,0,0,NA,1,120,9,292,235,7.71565421504154e-4,0.2099900213898768,B2
Magway,MMR009,Gangaw,Saw,MMR009025,68299.51859151479,18217,1822.2941570613998,24,6,0,24,5,0.10830294416962372,183,103495,38.4902937265232,0.13333333333333333,2,938,1,938,0,60,8,252,219,0.001377730570823483,0.26672223136669654,A2
Magway,MMR009,Magway,Magway,MMR009001,287573.41447282815,60390,6038.958296358604,2,20,9,26,11,0.10670767345473352,28,370350,163.42058132727695,0.4666666666666667,7,16853,1,NA,1,61,3,68,113,0.004567225622881382,0.20999854979885857,A2
Magway,MMR009,Magway,Yenangyaung,MMR009002,133450.36147114506,28025,2801.542483822312,0,4,1,6,2,0.01668326537639493,2,151692,130.6205741023698,0.4666666666666667,7,12512,2,12,0,196,3,195,186,0.0021194982295289076,0.21000317789367418,B2
Magway,MMR009,Magway,Chauk,MMR009003,184117.4949189052,38665,3865.532663203272,0,2,1,4,2,0.01319489172652919,2,235195,184.62923089516073,0.4,6,12613,2,2003,0,207,4,131,150,0.002924189082773781,0.21000177097255235,B2
Magway,MMR009,Magway,Taungdwingyi,MMR009004,258356.4478971576,54255,5424.514637587847,1,16,3,46,28,0.11263738313970656,17,297251,131.6823705759589,0.2,3,0,0,NA,1,56,7,81,120,0.004103242691992539,0.21000056488467034,A2
Magway,MMR009,Magway,Myothit,MMR009005,158588.06803864965,33303,3329.6506078513253,1,6,0,7,10,0.02932854105959535,7,283067,99.92111131072731,0.13333333333333333,2,20828,2,74997,0,155,8,153,161,0.0025186672448885357,0.20999688319479176,B2
Magway,MMR009,Magway,Natmauk,MMR009006,205798.31943708163,43218,4322.2353046313865,1,4,0,13,10,0.03566366122321863,7,454714,89.44307077706787,0.13333333333333333,2,42,1,NA,1,142,8,117,138,0.0032685271894301636,0.21000171487412445,B2
Magway,MMR009,Minbu,Minbu,MMR009007,187093.17739622458,39290,3929.0432751559238,1,3,1,8,0,0.01541324110709679,0,298327,112.83233123672709,0.4666666666666667,7,12904,1,NA,1,201,3,128,148,0.0029714571075179583,0.21000231300146194,B2
Magway,MMR009,Minbu,Pwintbyu,MMR009008,162744.87673817252,34176,3418.3576259129213,1,14,3,18,7,0.0557377756193862,11,219039,135.82845401698512,0.3333333333333333,5,0,0,NA,1,106,5,148,159,0.0025846912218512024,0.2099973939885253,B2
Magway,MMR009,Minbu,Ngape,MMR009009,51840.30595802967,10886,1089.353689716822,0,0,2,3,1,0.01307390429828724,0,46833,39.41849478608943,0.06666666666666667,1,0,0,NA,1,208,9,289,234,8.232955477841817e-4,0.2099910445901572,B2
Magway,MMR009,Minbu,Salin,MMR009010,234667.31111563844,49280,4927.986466608758,1,2,1,8,6,0.024533036307717,7,298082,101.61819908204654,0.3333333333333333,5,7770,2,69570,0,167,5,97,127,0.0037269892150288875,0.20999942329298688,B2
Magway,MMR009,Minbu,Sidoktaya,MMR009011,47251.014172093855,9923,991.7287765617061,0,0,0,2,1,0.00304617958028404,0,39537,16.790943805132798,0.13333333333333333,2,0,0,NA,1,279,8,293,237,7.504649752583533e-4,0.21000607444867203,B2
Magway,MMR009,Pakokku,Pakokku,MMR009018,288460.2533534726,60577,6058.334698067766,2,18,9,12,12,0.0981447103494221,38,174827,220.2297772133342,0.4,6,46,1,NA,1,63,4,67,112,0.00458136821588484,0.21000120223069457,A2
Magway,MMR009,Pakokku,Yesagyo,MMR009019,214105.97155217687,44962,4495.77460870406,24,68,2,37,15,0.17073680991291568,83,157724,216.8788872678808,0.4,6,0,0,NA,1,29,4,111,137,0.0034004238856763158,0.20999881355034006,A2
Magway,MMR009,Pakokku,Myaing,MMR009020,224464.6871322603,47138,4714.241582602502,13,37,2,21,13,0.1221296468284481,117,417204,110.58710612410339,0.13333333333333333,2,0,0,NA,1,49,8,106,133,0.0035649922406256434,0.21000185197159807,A2
Magway,MMR009,Pakokku,Pauk,MMR009021,170521.6185816712,35810,3581.04601037606,12,31,0,36,20,0.1614401721667739,224,151577,69.60365230670028,0.13333333333333333,2,0,0,NA,1,33,8,143,154,0.0027082687457423795,0.21000269817899264,A2
Magway,MMR009,Pakokku,Seikphyu,MMR009022,102174.37771855226,21457,2146.3381211759756,0,2,0,1,4,0.00917493917335642,1,101925,67.26112110071672,0.3333333333333333,5,12261,2,84319,0,237,5,232,206,0.001622768011097298,0.2100037257785418,B2
Magway,MMR009,Thayet,Thayet,MMR009012,103743.24739753983,21786,2179.391875114487,2,3,0,4,1,0.01064597709305078,5,88651,86.51524405027018,0.3333333333333333,5,0,0,NA,1,228,5,231,205,0.0016476498993226328,0.20999921003549224,B2
Magway,MMR009,Thayet,Minhla,MMR009013,145236.76834338708,30500,3050.027865043446,0,2,0,7,0,0.00722921305386082,0,124291,61.29720086114784,0.3333333333333333,5,0,0,NA,1,253,5,178,174,0.0023066796075158495,0.21000191857676187,B2
Magway,MMR009,Thayet,Mindon,MMR009014,59013.55990853376,12393,1238.7153073514057,0,0,0,3,0,0.00224450364239705,0,53015,23.19948720319375,0.13333333333333333,2,0,0,NA,1,289,8,279,232,9.372682090473418e-4,0.21000258278280698,B2
Magway,MMR009,Thayet,Kamma,MMR009015,74759.92110993135,15700,1570.0416577967449,1,1,0,6,1,0.00800417718313342,0,99776,65.45472779822003,0.3333333333333333,5,0,0,NA,1,244,5,269,230,0.0011873727815737325,0.21000557206198497,B2
Magway,MMR009,Thayet,Aunglan,MMR009016,233861.00356832598,49111,4910.918926403586,1,1,1,7,3,0.01743324363808915,4,283873,87.68096652531628,0.26666666666666666,4,0,0,NA,1,195,6,98,128,0.003714207941138062,0.21000080924416067,B2
Magway,MMR009,Thayet,Sinbaungwe,MMR009017,117162.15364424167,24604,2459.59484021137,0,0,0,0,2,0.00357040389646332,2,193940,57.17251643278881,0.2,3,0,0,NA,1,277,7,214,196,0.001860771969289179,0.20999955390636715,B2
Mandalay,MMR010,Kyaukse,Kyaukse,MMR010013,274709.3466889205,32416,3242.429766033835,3,12,4,9,5,0.05166772250392455,16,140169,137.59102010968007,0,NA,0,0,NA,1,114,10,164,169,0.0024515844641715993,0.11800108147287655,B2
Mandalay,MMR010,Kyaukse,Sintgaing,MMR010014,158619.83773306131,18717,1872.2859584249468,2,7,2,11,9,0.04884163743778673,36,117550,332.077142416661,0.4,6,0,0,NA,1,121,4,249,217,0.001415544990618825,0.11799911201207082,B2
Mandalay,MMR010,Kyaukse,Myittha,MMR010015,208374.00606965614,24588,2459.1867425586734,0,7,0,4,1,0.01151464795081905,0,106038,219.4364002926349,0,NA,0,0,NA,1,219,10,215,197,0.0018595619078557283,0.11799936308649084,B2
Mandalay,MMR010,Kyaukse,Tada-U,MMR010016,147647.73934006476,17422,1741.7567097702458,1,2,1,1,1,0.01036985140096557,2,70058,147.76282840464387,0.3333333333333333,5,0,0,NA,1,231,5,259,224,0.0013176056433488897,0.11799706570429336,B2
Mandalay,MMR010,Mandalay,Aungmyaythazan,MMR010001,283094.198504246,33405,3341.4885290733523,3,11,5,5,7,0.05353563305620355,8,44,9441.59208360073,0.06666666666666667,1,3733,1,NA,1,112,9,152,160,0.0025263813865267857,0.11799959227881872,B1
Mandalay,MMR010,Mandalay,Chanayethazan,MMR010002,210020.72620513552,24782,2477.755454915075,0,38,35,46,28,0.2975870387204116,83,NA,16220.071930996817,0,NA,0,0,NA,1,8,10,213,195,0.001874233902736321,0.11799787786560857,A1
Mandalay,MMR010,Mandalay,Mahaaungmyay,MMR010003,256821.2367566823,30305,3029.509485691361,5,26,12,21,23,0.14648655336804917,37,NA,15974.92587613374,0,NA,2118,1,NA,1,41,10,181,176,0.0022919319837956665,0.11800036625752869,A1
Mandalay,MMR010,Mandalay,Chanmyathazi,MMR010004,302269.0082577384,35668,3567.2257168409606,5,38,7,18,24,0.1359573775582078,43,NA,9389.493368411573,0,NA,0,0,NA,1,44,10,144,155,0.0026975294505205026,0.11800085032067413,A1
Mandalay,MMR010,Mandalay,Pyigyitagon,MMR010005,253183.75340437837,29876,2988.4317722113033,5,14,4,5,12,0.06510211677765673,23,NA,8330.833747478688,0.13333333333333333,2,10402,1,16,0,93,8,184,179,0.002259487211611263,0.11800125244325155,A1
Mandalay,MMR010,Mandalay,Amarapura,MMR010006,253098.54149568605,29866,2987.437274355215,0,12,1,10,14,0.04788972118371351,9,25073,1157.9296771978002,0.2,3,7797,1,1516,0,122,7,185,180,0.002258730923215356,0.11800147019222966,B1
Mandalay,MMR010,Mandalay,Patheingyi,MMR010007,280906.3827485704,33147,3315.3047115730856,3,10,0,4,6,0.02774878470821116,11,55533,444.24856158296586,0.13333333333333333,2,0,0,NA,1,161,8,154,162,0.002506869145912389,0.11800016673052507,B2
Mandalay,MMR010,Meiktila,Meiktila,MMR010028,329837.1910174255,38921,3891.921147591971,2,6,7,13,6,0.06318415230129033,16,158762,251.91454076803183,0,NA,40,1,NA,1,95,10,129,149,0.002943550065708996,0.11800064110400388,A2
Mandalay,MMR010,Meiktila,Mahlaing,MMR010029,148510.50991557463,17524,1751.5760855914916,0,2,3,2,2,0.02074275467258968,1,263438,124.15877250627207,0,NA,188,1,NA,1,184,10,258,223,0.0013253197849871392,0.11799838280780302,B2
Mandalay,MMR010,Meiktila,Thazi,MMR010030,215884.3706720267,25474,2546.564500546806,0,5,1,2,0,0.01111620890086938,0,106901,99.27957873421741,0.06666666666666667,1,40,1,NA,1,223,9,211,193,0.001926569059733074,0.11799835217668586,B2
Mandalay,MMR010,Meiktila,Wundwin,MMR010031,244728.60176438157,28878,2888.202513380018,1,1,3,4,9,0.0358855829109232,13,142280,164.65514817460277,0,NA,229,1,NA,1,141,10,194,185,0.002184009629699761,0.11800010212048283,B2
Mandalay,MMR010,Myingyan,Myingyan,MMR010017,294083.33927898115,34702,3469.816606201124,14,20,10,43,44,0.21932225936709035,166,102982,279.32558084224723,0.3333333333333333,5,46608,1,NA,1,19,5,145,156,0.002624471991475902,0.11800056434710185,A2
Mandalay,MMR010,Myingyan,Taungtha,MMR010018,230755.97903655615,27229,2723.079449686694,2,8,2,17,13,0.05534816009145445,14,213475,160.19174577491975,0.3333333333333333,5,45,1,NA,1,108,5,201,189,0.0020592976732147234,0.11799910933482857,B2
Mandalay,MMR010,Myingyan,Natogyi,MMR010019,188614.4295927627,22257,2226.349785760861,3,7,2,4,4,0.04600351736656333,75,299316,140.950457884103,0,NA,0,0,NA,1,129,10,229,204,0.0016832710827698449,0.11800263663843258,B2
Mandalay,MMR010,Myingyan,Ngazun,MMR010021,132326.63815718322,15615,1560.5458019399339,1,3,0,9,3,0.01651719699889844,5,152877,129.10342330706462,0.2,3,0,0,NA,1,198,7,270,231,0.0011809443302085243,0.11800345128886172,B2
Mandalay,MMR010,Nyaung-U,Kyaukpadaung,MMR010020,278971.0072723958,32919,3292.1421203210016,1,14,4,13,9,0.05973640227136523,11,321295,133.6282602282676,0,NA,0,0,NA,1,103,10,155,163,0.002489625770485713,0.11800150962589774,A2
Mandalay,MMR010,Nyaung-U,Nyaung-U,MMR010022,255579.27318749158,30158,3016.1645853686555,0,5,5,6,8,0.04765568407296406,11,207061,163.912737162968,0.4,6,71547,1,NA,1,123,4,183,178,0.002280814544375836,0.11799861398727844,B2
Mandalay,MMR010,Pyinoolwin,Pyinoolwin,MMR010008,272154.0545770091,32114,3210.5822103578134,2,1,3,9,2,0.02880539020145305,9,12089,128.25795413023565,0.06666666666666667,1,0,0,NA,1,156,9,166,170,0.002428744554615213,0.11799934434161802,B2
Mandalay,MMR010,Pyinoolwin,Madaya,MMR010009,274809.470681634,32428,3243.2482649609665,4,17,2,36,28,0.11006846137290208,41,151769,234.70233974895402,0.2,3,779,1,NA,1,58,7,162,168,0.0024524920102466877,0.11800175561477555,A2
Mandalay,MMR010,Pyinoolwin,Singu,MMR010010,167851.48289101702,19806,1981.3525646218368,1,5,1,7,11,0.0354635768709322,11,82276,104.41697839792185,0.4,6,0,0,NA,1,145,4,242,213,0.0014979047969330792,0.11799717022970647,B2
Mandalay,MMR010,Pyinoolwin,Mogoke,MMR010011,178038.56657518548,21009,2101.1449244088303,13,25,10,63,29,0.19127757620381972,65,6083,141.83107109160767,0.06666666666666667,1,0,0,NA,1,25,9,234,207,0.0015888862909606716,0.11800252273502732,A2
Mandalay,MMR010,Pyinoolwin,Thabeikkyin,MMR010012,174366.9984594045,20575,2058.469525275091,1,5,1,6,7,0.02804531745629784,9,71549,63.41473935928963,0.4666666666666667,7,0,0,NA,1,158,3,239,209,0.0015560633745783149,0.11799824612333507,B2
Mandalay,MMR010,Yamethin,Yamethin,MMR010023,274905.3340789128,32439,3244.117062092947,NA,NA,NA,NA,NA,0,NA,207415,119.95049770550389,0.06666666666666667,1,0,0,NA,1,298,9,161,167,0.002453323927482185,0.11800062049973989,B2
Mandalay,MMR010,Yamethin,Pyawbwe,MMR010024,277250.79186566925,32716,3272.4407153383586,0,1,0,1,0,0.00221490308402417,2,211318,157.89602529389026,0,NA,0,0,NA,1,290,10,158,166,0.0024742731160488046,0.11800146639743855,B2
Mon,MMR011,Mawlamyine,Mawlamyine,MMR011001,278680.7196406106,44000.17344512815,0,0,10,13,18,6,0.0960165721494057,12,17677,2082.624832369358,0.4,6,8558,1,NA,1,67,4,114,257,0.003327682059443853,0.15788739709683255,A1
Mon,MMR011,Mawlamyine,Kyaikmaraw,MMR011002,188565.08118107164,24000.13167079307,0,0,2,0,1,1,0.00452540771729838,1,56211,148.5770092854094,0.3333333333333333,5,28590,1,NA,1,272,5,220,257,0.0018151021082856943,0.12727770974598784,B2
Mon,MMR011,Mawlamyine,Chaungzon,MMR011003,117607.3699214522,12000.006948041786,0,0,2,0,2,3,0.00907933762410637,4,69018,302.02872083229533,0.26666666666666666,4,583,1,NA,1,240,6,280,257,9.075466005605408e-4,0.10203448096880637,B2
Mon,MMR011,Mawlamyine,Thanbyuzayat,MMR011004,164226.21257492076,23000.148475104626,0,0,3,1,1,3,0.0139669671060433,4,26193,221.19043183432143,0.2,3,0,0,NA,1,204,7,226,257,0.0017394745395855936,0.14005162826617493,B2
Mon,MMR011,Mawlamyine,Mudon,MMR011005,183679.78085508436,27000.299476739117,0,0,1,1,12,3,0.01996941777701913,3,78213,261.31259738414485,0.2,3,0,0,NA,1,190,7,204,257,0.0020420013180267207,0.14699657932432542,B2
Mon,MMR011,Mawlamyine,Ye,MMR011006,253869.98090638287,61437,10000,20,33,7,36,13,0.14876101547599033,72,68572,96.9426980309231,0.13333333333333333,2,0,0,NA,1,38,8,64,79,0.004646409017932828,0.24200183015200807,A2
Mon,MMR011,Thaton,Thaton,MMR011007,229296.140236455,55490,10000,23,33,3,11,13,0.11893698302760976,91,149396,192.68022920470952,0.6,9,39,1,NA,1,52,1,78,79,0.0041966443088870325,0.2420014569053694,A2
Mon,MMR011,Thaton,Paung,MMR011008,210376.07410109657,34003.99336600171,0,0,10,0,6,4,0.02159000451905927,4,141139,224.22771431560597,0.4,6,1032,2,NA,1,180,4,149,257,0.0025716825597200126,0.16163431849983587,B2
Mon,MMR011,Thaton,Kyaikto,MMR011009,177704.36423321342,43004,10000,14,27,1,10,16,0.11906445463063749,110,30447,193.68650951761765,0.2,3,1563,2,NA,1,51,7,120,79,0.0032523426177577574,0.2419974331275452,A2
Mon,MMR011,Thaton,Bilin,MMR011010,174375.27232961828,43029,5000,7,14,0,5,10,0.05198033322790568,23,146709,90.78457704298245,0.4666666666666667,7,7816,3,NA,1,113,3,119,125,0.0032542333387475244,0.24676090494449865,B2
Nay Pyi Taw,MMR018,Det Khi Na,Za Bu Thi Ri,MMR018002,123719.90831721459,0,0,0,5,1,3,0,0.0118643767816684,0,NA,1885.9885944117398,0,NA,0,0,NA,1,215,10,320,257,0,0,B1
Nay Pyi Taw,MMR018,Det Khi Na,Det Khi Na Thi Ri,MMR018004,57490.06829779366,0,0,1,0,0,0,2,0.00406899477289147,0,NA,344.09759436474314,0,NA,0,0,NA,1,275,10,320,257,0,0,B2
Nay Pyi Taw,MMR018,Det Khi Na,Pyinmana,MMR018006,210082.69677906152,0,0,2,10,5,3,2,0.04726727284198078,29,NA,163.52743867836256,0,NA,0,0,NA,1,125,10,320,257,0,0,B2
Nay Pyi Taw,MMR018,Det Khi Na,Lewe,MMR018007,318535.16586296825,0,0,1,2,0,1,1,0.00573007298236348,2,NA,131.30587899736395,0.2,3,0,0,NA,1,261,7,320,257,0,0,B2
Nay Pyi Taw,MMR018,Oke Ta Ra,Zay Yar Thi Ri,MMR018001,124654.03232283259,0,0,0,2,6,61,3,0.08082455497331528,3,NA,213.60773290848857,0,NA,0,0,NA,1,76,10,320,257,0,0,A2
Nay Pyi Taw,MMR018,Oke Ta Ra,Tatkon,MMR018003,243155.61481010212,0,0,0,3,1,0,0,0.00762783525100365,0,NA,112.4543907325061,0.06666666666666667,1,0,0,NA,1,247,9,320,257,0,0,B2
Nay Pyi Taw,MMR018,Oke Ta Ra,Poke Ba Thi Ri,MMR018005,130476.06659285931,0,0,0,2,1,0,2,0.010202220203333121,2,NA,477.93221325553196,0,NA,0,0,NA,1,234,10,320,257,0,0,B2
Nay Pyi Taw,MMR018,Oke Ta Ra,Oke Ta Ra Thi Ri,MMR018008,91418.70664093515,0,0,0,2,0,4,1,0.00676991135969543,1,NA,95.69527695546594,0.13333333333333333,2,0,0,NA,1,256,8,320,257,0,0,B2
Rakhine,MMR012,Kyaukpyu,Kyaukpyu,MMR012011,171175.73756895756,47000.071429559386,0,0,0,0,2,2,0.00757661992175049,0,47089,140.57406478689867,0.2,3,1427,1,3877,0,248,7,108,257,0.003554560862896818,0.2745720398057322,B2
Rakhine,MMR012,Kyaukpyu,Munaung,MMR012012,58972.356344968524,14000.034103613378,0,NA,NA,NA,NA,NA,0,NA,40981,110.55731533573838,0.2,3,0,0,NA,1,298,7,273,257,0.001058806333486276,0.23739994416566754,B2
Rakhine,MMR012,Kyaukpyu,Ramree,MMR012013,101338.74477697774,25999.680633488286,0,0,0,0,2,0,0.00149633576159803,0,58954,83.12538574090227,0.2,3,0,0,NA,1,294,7,208,257,0.0019663256760390885,0.2565620946924826,B2
Rakhine,MMR012,Kyaukpyu,Ann,MMR012014,123930.35613315948,51962,1000,0,6,1,3,0,0.02277288905680731,0,53314,19.007167244878108,0.3333333333333333,5,2105,1,6189,0,173,5,88,236,0.003929825762811101,0.4192838754063482,B2
Rakhine,MMR012,Maungdaw,Maungdaw,MMR012009,42221.457598032895,16889,16889.41697108115,6,2,0,6,8,0.05110552919168119,11,84499,358.58607901204044,0.13333333333333333,2,121432,7,86044,0,115,8,263,51,0.0012772954718470553,0.40000987556589856,B2
Rakhine,MMR012,Maungdaw,Buthidaung,MMR012010,57501.30838010879,27218,25001,2,2,0,5,4,0.04059252382599156,4,98286,135.59691750737855,0.06666666666666667,1,147985,4,320481,0,136,9,202,39,0.002058465755979226,0.4733457510232136,B2
Rakhine,MMR012,Mrauk-U,Mrauk-U,MMR012003,196308.81462093847,92169,49999,0,0,0,4,2,0.0680178995044888,0,142055,174.27252555688966,0.2,3,13578,3,32562,0,89,7,22,26,0.006970634516233716,0.46951024679137954,A2
Rakhine,MMR012,Mrauk-U,Kyauktaw,MMR012004,179196.62400930474,80736,40000,0,4,0,4,0,0.0497895830803656,5,105818,122.78266666831666,0.2,3,24261,2,43795,0,118,7,30,30,0.00610596999319343,0.45054420219327235,B2
Rakhine,MMR012,Mrauk-U,Minbya,MMR012005,175167.54682476277,71821,50000,0,1,0,0,2,0.01045900441522947,1,98386,56.75619923844645,0.3333333333333333,5,16519,2,7272,0,230,5,43,25,0.005431738888242487,0.41001316340777194,B2
Rakhine,MMR012,Mrauk-U,Myebon,MMR012006,142024.9707551043,35999.769923067914,0,0,1,0,0,0,0.01867414237644896,0,55792,70.38435370860087,0.26666666666666666,4,4541,3,15237,0,191,6,141,257,0.0027226208248132193,0.25347493283517614,B2
Rakhine,MMR012,Sittwe,Sittwe,MMR012001,153108.0386733227,128717,79999,0,0,2,6,5,0.3632979400952304,1,23476,1351.2487553610713,0.26666666666666666,4,149885,11,229566,0,5,6,5,10,0.00973471734559402,0.840693938184628,A1
Rakhine,MMR012,Sittwe,Ponnagyun,MMR012002,134322.93214950498,36999.61783574795,0,0,3,0,1,1,0.01134913180087626,5,63305,131.9399496153699,0.13333333333333333,2,1136,2,378,0,221,8,135,257,0.0027982381622163777,0.2754527260808035,B2
Rakhine,MMR012,Sittwe,Pauktaw,MMR012007,151097.64096202247,50000.361944635726,0,0,0,0,1,0,0.07498616239224928,0,102889,190.17834032625606,0.2,3,34038,6,71400,0,82,7,94,257,0.003781469352986976,0.3309142460880844,A2
Rakhine,MMR012,Sittwe,Rathedaung,MMR012008,115917.75145475383,58100,10001,0,1,0,0,1,0.05615193588930949,0,89539,195.18070058142035,0.06666666666666667,1,13295,3,30415,0,105,9,74,78,0.004394035580218717,0.5012174517781098,B2
Rakhine,MMR012,Thandwe,Thandwe,MMR012015,138185.3388749741,35999.91171640083,0,0,0,5,5,1,0.02872493344523719,1,63260,38.037736558562656,0.26666666666666666,4,0,0,NA,1,157,6,140,257,0.002722631548478449,0.2605190392084391,B2
Rakhine,MMR012,Thandwe,Toungup,MMR012016,163917.80844747147,43999.91720430579,0,0,0,3,7,1,0.0207063542400854,0,92405,32.86823538287978,0.2,3,0,0,NA,1,185,7,115,257,0.003327662680247802,0.26842670495076715,B2
Rakhine,MMR012,Thandwe,Gwa,MMR012017,68340.06432105285,11999.988705708112,0,0,0,1,4,0,0.00763244994179816,0,36496,29.13672193078188,0.2,3,0,0,NA,1,246,7,281,257,9.075452209140137e-4,0.17559229457750736,B2
Sagaing,MMR005,Hkamti,Hkamti,MMR005033,50052.78736458388,7653,764.6930044427131,4,2,2,4,1,0.02157420364579696,8,10378,5.819129158021152,0.3333333333333333,5,0,0,NA,1,181,5,303,245,5.787875093875016e-4,0.15289857774064897,B2
Sagaing,MMR005,Hkamti,Homalin,MMR005034,271180.7044831875,41464,4145.647058499893,9,4,2,6,8,0.04264088474042724,16,75765,24.204882557349205,0.3333333333333333,5,0,0,NA,1,133,5,125,142,0.0031358742047881047,0.1529017342108522,B2
Sagaing,MMR005,Kale,Kale,MMR005027,366088.59478020685,56195,5620.500044487943,51,44,8,93,42,0.4569218886013862,537,213465,149.15697249124554,0.13333333333333333,2,0,0,NA,1,1,8,77,119,0.004249962640798465,0.1535010945471778,A2
Sagaing,MMR005,Kale,Kalewa,MMR005028,59267.67586886143,9062,905.7972813338224,2,2,0,4,0,0.01398406756887215,30,32150,23.858790851051495,0.26666666666666666,4,0,0,NA,1,203,6,295,239,6.853485443707747e-4,0.15289953363535,B2
Sagaing,MMR005,Kale,Mingin,MMR005029,109607.18132800513,16759,1676.1062042242897,34,7,0,31,26,0.24963255235741189,274,120946,26.317487207013436,0.3333333333333333,5,0,0,NA,1,13,5,264,227,0.0012674637227002663,0.15290056542780558,A2
Sagaing,MMR005,Kanbalu,Kanbalu,MMR005007,310412.7719640728,47462,4745.788726074859,7,12,1,17,12,0.06576694235750337,16,780517,72.60473166507512,0.2,3,0,0,NA,1,92,7,105,132,0.0035894959846530248,0.15289963650559218,A2
Sagaing,MMR005,Kanbalu,Kyunhla,MMR005008,109317.31248515345,16715,1670.5384196395844,2,3,0,8,7,0.07262673087176795,64,113284,37.698692191656534,0.06666666666666667,1,0,0,NA,1,86,9,265,228,0.0012641360537582764,0.1529035028396814,A2
Sagaing,MMR005,Katha,Katha,MMR005020,176162.5379959527,26935,2694.4748777349478,30,10,0,21,1,0.11514030520879975,250,148209,74.3807331231189,0.5333333333333333,8,0,0,NA,1,54,2,205,190,0.0020370627943750628,0.15289856916468145,A2
Sagaing,MMR005,Katha,Indaw,MMR005021,126309.298023187,19313,1930.7308707400512,3,5,2,2,1,0.02374412448790058,15,99315,63.55085564889721,0.06666666666666667,1,0,0,NA,1,168,9,245,215,0.0014606197790148724,0.15290244108913226,B2
Sagaing,MMR005,Katha,Tigyaing,MMR005022,136485.16475648366,20869,2087.141840512734,12,22,0,13,8,0.11497928404255714,252,164576,70.86822584231655,0.4,6,0,0,NA,1,55,4,238,208,0.001578298253417976,0.15290306486594638,A2
Sagaing,MMR005,Katha,Banmauk,MMR005023,118329.50284932094,18093,1808.7419382527698,NA,NA,NA,NA,NA,0,NA,52649,33.100691919060225,0.13333333333333333,2,0,0,NA,1,298,8,254,221,0.0013683525947142383,0.15290354108086943,B2
Sagaing,MMR005,Kawlin,Kawlin,MMR005024,152598.09152108652,23332,2332.7752023051985,12,12,3,14,9,0.12651505450468836,270,136431,76.80909328607324,0.06666666666666667,1,0,0,NA,1,48,9,223,200,0.0017645720853298296,0.15289837354732516,A2
Sagaing,MMR005,Kawlin,Wuntho,MMR005025,77083.05696050264,11786,1179.4001948683065,0,2,0,1,1,0.00806642777470462,6,54747,55.39178806853248,0.06666666666666667,1,0,0,NA,1,243,9,283,233,8.913615034157968e-4,0.15290000766367046,B2
Sagaing,MMR005,Kawlin,Pinlebu,MMR005026,117594.32824788554,17980,1797.98272125588,12,3,1,3,4,0.09734789394775036,102,69075,34.04905328429442,0.06666666666666667,1,0,0,NA,1,65,9,257,222,0.001359806535840491,0.1528985306340512,A2
Sagaing,MMR005,Mawlaik,Mawlaik,MMR005031,53892.49928293797,8240,823.9836862868669,0,1,0,0,0,9.960189441338531e-4,0,32466,14.542764417187065,0.26666666666666666,4,0,0,NA,1,295,6,298,244,6.231816382272328e-4,0.15289697285590043,B2
Sagaing,MMR005,Mawlaik,Paungbyin,MMR005032,118356.80933451711,18097,1810.3244434214587,0,0,0,1,0,7.481678807990177e-4,0,72207,27.046872823936344,0.26666666666666666,4,0,0,NA,1,297,6,253,220,0.001368655110072601,0.15290206031874048,B2
Sagaing,MMR005,Monywa,Monywa,MMR005012,390792.56188729784,59752,5974.781736716537,24,60,13,51,48,0.29142977012139665,151,86124,552.1899031367298,0.26666666666666666,4,0,0,NA,1,10,6,71,116,0.004518974423222526,0.1528995324563831,A2
Sagaing,MMR005,Monywa,Budalin,MMR005013,129746.76440961284,19838,1984.171987084778,4,20,0,13,12,0.05980682343030317,21,311809,114.82586328131593,0.06666666666666667,1,0,0,NA,1,102,9,241,212,0.0015003249197999811,0.15289783980563154,A2
Sagaing,MMR005,Monywa,Ayadaw,MMR005014,163596.30355856032,25014,2500.6125786130374,11,25,0,20,11,0.08475563517241916,73,226645,125.1034623408934,0.06666666666666667,1,0,0,NA,1,73,9,212,194,0.0018917797935213594,0.1529007652122536,A2
Sagaing,MMR005,Monywa,Chaung-U,MMR005015,111279.17842155536,17015,1700.5414855629747,7,12,1,11,7,0.06057848509145076,77,113910,214.02723829081813,0.06666666666666667,1,0,0,NA,1,101,9,261,226,0.0012868247056354815,0.15290371695181482,A2
Sagaing,MMR005,Naga Self-Administered Zone,Lay Shi,MMR005035,11018.166776655535,1685,167.533528801838,NA,NA,NA,NA,NA,0,NA,6431,3.7563948873947974,0.13333333333333333,2,1120,1,2125,0,298,8,315,252,1.2743459471030186e-4,0.15292925167642693,B2
Sagaing,MMR005,Naga Self-Administered Zone,Lahe,MMR005036,57088.40830032074,8729,873.1182531040208,NA,NA,NA,NA,NA,0,NA,25946,13.75816972550946,0.06666666666666667,1,621,1,1250,0,298,9,296,241,6.601641407870771e-4,0.15290319453434398,B2
Sagaing,MMR005,Naga Self-Administered Zone,Nanyun,MMR005037,54591.96540373222,8347,835.288948932148,1,0,0,0,0,0.00238145591279334,6,17719,7.860094844112942,0.06666666666666667,1,3623,1,7320,0,288,9,297,243,6.31273924063436e-4,0.15289795738750508,B2
Sagaing,MMR005,Sagaing,Sagaing,MMR005001,322630.3235904986,49330,4932.98235236441,7,20,4,26,7,0.08474488118957844,39,261954,242.40491576393907,0.4,6,0,0,NA,1,74,4,96,126,0.0037307706570084216,0.15289945300557842,A2
Sagaing,MMR005,Sagaing,Myinmu,MMR005002,112361.98558452666,17180,1717.9852405393876,5,12,2,2,1,0.04981930737579609,50,250677,138.3917893943758,0.26666666666666666,4,0,0,NA,1,117,6,260,225,0.0012993034641679442,0.15289868642518767,B2
Sagaing,MMR005,Sagaing,Myaung,MMR005003,111758.09216191898,29794,2979.5686885229857,20,26,0,25,15,0.15465660370233222,235,132160,256.99515578660936,0.26666666666666666,4,4106,1,4106,0,35,6,186,181,0.002253285646764827,0.2665936705221616,A2
Sagaing,MMR005,Shwebo,Shwebo,MMR005004,280213.89983596734,42845,4283.529523182369,5,14,13,32,25,0.22632204356422037,55,295531,251.86678449151302,0.2,3,2857,2,1596,0,18,7,121,139,0.003240317632262839,0.1529010517503977,A2
Sagaing,MMR005,Shwebo,Khin-U,MMR005005,153816.38086060813,23519,2352.1475458965847,30,23,2,43,43,0.2032529815007506,179,343468,140.02459584529151,0.26666666666666666,4,2691,2,1847,0,23,6,221,199,0.0017787146783332876,0.15290309047976788,A2
Sagaing,MMR005,Shwebo,Wetlet,MMR005006,206075.74227892887,31509,3151.101903850658,10,15,1,32,16,0.09613458319536416,77,381558,148.7859548277784,0.06666666666666667,1,1982,2,1361,0,66,9,170,172,0.0023829891066628494,0.1529000922260503,A2
Sagaing,MMR005,Shwebo,Ye-U,MMR005009,124234.00514827788,18995,1900.462173678917,7,19,0,24,15,0.14721034853669446,92,188353,84.37847746498842,0.13333333333333333,2,0,0,NA,1,39,8,247,216,0.0014365698080250349,0.15289694618899846,A2
Sagaing,MMR005,Shwebo,Tabayin,MMR005010,147890.87357303873,22613,2260.74857103089,21,33,1,52,17,0.20438261149901463,295,357924,101.87334975720466,0.06666666666666667,1,2228,1,2228,0,22,9,228,203,0.001710194949664128,0.15290328235725878,A2
Sagaing,MMR005,Shwebo,Taze,MMR005011,173406.68349000052,26514,2650.611866272992,9,44,1,31,36,0.247432401681145,147,280803,88.92045123042956,0.06666666666666667,1,1327,1,1327,0,15,9,206,191,0.002005223052907385,0.15290068102553225,A2
Sagaing,MMR005,Tamu,Tamu,MMR005030,120641.10184611999,18446,1845.3976384542723,13,4,2,7,10,0.0771967955688801,130,56558,58.5932761175695,0.06666666666666667,1,0,0,NA,1,78,9,251,218,0.0013950495750897497,0.15289979714814128,A2
Sagaing,MMR005,Yinmarbin,Yinmarbin,MMR005016,148589.28944440238,22719,2272.0697665373496,40,30,5,37,22,0.25322634269278704,310,219197,148.66437710773724,0.2,3,1932,1,1932,0,12,7,227,202,0.0017182116066607406,0.1528979651558315,A2
Sagaing,MMR005,Yinmarbin,Kani,MMR005017,141301.6086453162,24570,2457.013403886237,58,33,0,57,29,0.2960919630650503,362,217566,39.96718505964572,0.2,3,4904,1,4904,0,9,7,216,198,0.001858200588743096,0.17388337072420465,A2
Sagaing,MMR005,Yinmarbin,Salingyi,MMR005018,127928.78264520611,19560,1955.9689138488495,2,17,0,1,9,0.05866779347775875,61,117358,175.19663257820918,0.26666666666666666,4,0,0,NA,1,104,6,243,214,0.0014793001023937712,0.1528975700038288,A2
Sagaing,MMR005,Yinmarbin,Pale,MMR005019,151242.21950615357,23125,2311.5065690822457,39,41,0,17,16,0.2286785102609418,363,275628,90.40638901450686,0.06666666666666667,1,4594,1,4594,0,17,9,224,201,0.0017489169155345582,0.15290042737741702,A2
Shan (East),MMR222,Kengtung,Kengtung,MMR016001,190678.07106639686,70170,25000,0,0,0,5,2,0.00731124330045841,2,63551,48.98840913441928,0.06666666666666667,1,0,0,NA,1,251,9,48,40,0.005306875674078268,0.36800246408810056,B2
Shan (East),MMR222,Kengtung,Mongkhet,MMR016002,49472.748796437016,7000.010935993042,0,NA,NA,NA,NA,NA,0,NA,30130,17.730963002369684,0.06666666666666667,1,0,0,NA,1,298,9,304,257,5.294027042112487e-4,0.14149225798622245,B2
Shan (East),MMR222,Kengtung,Mongyang,MMR016003,119598.77030615482,44012,10000,NA,NA,NA,NA,NA,0,NA,60185,39.583818483493054,0.06666666666666667,1,0,0,NA,1,298,9,113,79,0.0033285764880651666,0.3679970946802874,B2
Shan (East),MMR222,Kengtung,Mongla,MMR016005,47850.61860323728,6999.989010072383,0,NA,NA,NA,NA,NA,0,NA,15172,22.129306798328585,0,NA,0,0,NA,1,298,10,305,257,5.294010459793124e-4,0.14628837023224622,B2
Shan (East),MMR222,Kengtung,Mongping,MMR016007,76476.77232090256,10999.823250005875,0,0,3,0,0,0,0.00298805683240155,0,27276,11.41997501629829,0.06666666666666667,1,0,0,NA,1,282,9,288,257,8.319038681005662e-4,0.14383221096007753,B2
Shan (East),MMR222,Monghsat,Monghsat,MMR016006,116270.07026586277,42787,10000,0,0,0,1,0,7.481678807990177e-4,0,49525,22.67812807972003,0,NA,0,0,NA,1,297,10,122,79,0.003235931159566579,0.3679966813657494,B2
Shan (East),MMR222,Monghsat,Mongton,MMR016008,77872.24870628536,11500.005006632337,0,NA,NA,NA,NA,NA,0,NA,31211,13.559330774850203,0.06666666666666667,1,0,0,NA,1,298,9,284,257,8.697320339386552e-4,0.14767783385847091,B2
Shan (East),MMR222,Tachileik,Tachileik,MMR016009,197003.26777179833,72497,25000,1,4,1,9,1,0.01811187420607976,1,34041,45.26340302107024,0.13333333333333333,2,0,0,NA,1,193,8,40,40,0.005482863983805789,0.3679989718951159,B2
Shan (East),MMR222,Tachileik,Monghpyak,MMR016010,33949.185057131006,4499.891905693609,0,0,0,0,2,0,0.00149633576159803,0,20409,14.892087579548916,0.06666666666666667,1,0,0,NA,1,294,9,308,257,3.403216031111175e-4,0.132547862286562,B2
Shan (East),MMR222,Tachileik,Mongyawng,MMR016011,88761.63091419675,12999.88849307263,0,0,3,0,0,0,0.00298805683240155,0,50753,17.389278875754453,0.06666666666666667,1,0,0,NA,1,282,9,277,257,9.831664815393634e-4,0.1464584230729068,B2
Shan (North),MMR222,Hopang,Pangwaun,MMR015007,107879.43518432547,21000.19458355443,0,NA,NA,NA,NA,NA,0,NA,11740,65.05700158555173,0,NA,0,0,NA,1,298,10,236,257,0.0015882203475327803,0.1946635570317269,B2
Shan (North),MMR222,Hopang,Mongmao,MMR015008,78532.21126434059,14000.070850397218,0,NA,NA,NA,NA,NA,0,NA,11597,39.45514971526959,0,NA,0,0,NA,1,298,10,272,257,0.0010588091126028966,0.17827170055447406,B2
Shan (North),MMR222,Hopang,Hopang,MMR015021,67885.03753733159,11000.134820677367,0,NA,NA,NA,NA,NA,0,NA,26996,45.85766699053214,0.06666666666666667,1,0,0,NA,1,298,9,287,257,8.319274318289016e-4,0.1620406384047167,B2
Shan (North),MMR222,Kokang Self-Administered Zone,Laukkaing,MMR015022,105382.9101541064,14000.031636486985,0,0,1,0,2,0,0.00249235470573188,0,28977,123.2676601700367,0.06666666666666667,1,2434,3,NA,1,286,9,274,257,0.0010588061469003697,0.13284916516363116,B2
Shan (North),MMR222,Kokang Self-Administered Zone,Konkyan,MMR015023,66731.76963285124,20999.750961023416,0,1,0,0,0,0,0.00261681404233899,7,8085,55.94530538811965,0,NA,7197,2,NA,1,284,10,237,257,0.0015881867968755435,0.3146889566478017,B2
Shan (North),MMR222,Kyaukme,Kyaukme,MMR015012,191221.37357631102,73689,18421.81763278474,54,23,9,25,24,0.19383027793606591,24,71197,43.895629640204945,0.06666666666666667,1,4372,2,NA,1,24,9,38,45,0.005573013560597883,0.3853596416647055,A2
Shan (North),MMR222,Kyaukme,Nawnghkio,MMR015013,166481.66603385995,61265,15315.686731292519,2,1,4,4,2,0.02782146417969486,1,130529,45.80170687857262,0.06666666666666667,1,718,1,718,0,160,9,66,55,0.004633400857523231,0.3679984797097092,B2
Shan (North),MMR222,Kyaukme,Hsipaw,MMR015014,195720.0072422465,72220,18055.779324188505,21,8,4,15,17,0.0910810624037849,26,98612,33.553617765477064,0.13333333333333333,2,1531,1,NA,1,69,8,41,47,0.00546191479523917,0.36899651199487177,A2
Shan (North),MMR222,Kyaukme,Namtu,MMR015015,56022.37721350035,21014,5254.243307624785,30,11,1,17,8,0.07317911550327343,6,20462,31.17777872906858,0.06666666666666667,1,13241,3,NA,1,85,9,233,122,0.001589264435158625,0.3751001125838697,A2
Shan (North),MMR222,Lashio,Lashio,MMR015001,359318.5035149055,132229,40000,20,21,14,25,10,0.14594763209782843,26,89512,84.25130797408127,0.13333333333333333,2,29963,1,NA,1,42,8,4,30,0.010000325830236502,0.3679994175265588,A2
Shan (North),MMR222,Lashio,Hseni,MMR015002,62954.206169235404,23336,5834.027032555601,25,5,0,4,3,0.05434243558342312,70,37025,31.59819533800353,0.13333333333333333,2,886,3,508,0,110,8,222,117,0.0017648746006881924,0.37068214214738027,B2
Shan (North),MMR222,Lashio,Mongyai,MMR015003,65969.59065166286,24277,6068.79766679279,0,5,0,1,6,0.01549804177267565,2,38094,24.727328758148214,0.06666666666666667,1,0,0,NA,1,200,9,218,111,0.0018360413387430257,0.36800288981917556,B2
Shan (North),MMR222,Lashio,Tangyan,MMR015004,191994.66303827474,70654,17664.491014127285,0,1,0,2,6,0.01248830667749447,1,59769,35.808262212332224,0.13333333333333333,2,0,0,NA,1,210,8,46,49,0.0053434800324401585,0.36799981250476166,B2
Shan (North),MMR222,Lashio,Kunlong,MMR015020,65300.739708987356,24031,6008.331965114499,5,1,0,0,0,0.0058425546217310996,0,26745,67.63529407648932,0.06666666666666667,1,0,0,NA,1,259,9,219,114,0.0018174366442037175,0.36800501965359217,B2
Shan (North),MMR222,Matman,Pangsang (Panghkam),MMR015005,117739.98687244033,43328,10831.921208308622,1,0,0,0,0,9.693071355194502e-4,0,25515,33.62857259718577,0,NA,0,0,NA,1,296,10,116,75,0.0032768463617851387,0.3679973231773978,B2
Shan (North),MMR222,Matman,Narphan,MMR015006,129081.56564790812,47502,11876.495981105403,NA,NA,NA,NA,NA,0,NA,13180,69.26168231440157,0,NA,0,0,NA,1,298,10,104,68,0.003592521138236652,0.3679998748200015,B2
Shan (North),MMR222,Matman,Matman,MMR015024,21923.200665902245,8068,2017.0655408666244,NA,NA,NA,NA,NA,0,NA,10185,6.627126783529551,0.06666666666666667,1,0,0,NA,1,298,9,301,210,6.101734778176353e-4,0.36801195787750013,B2
Shan (North),MMR222,Mongmit,Mongmit,MMR015017,70362.67475023259,25893,6472.633943680719,0,1,0,3,3,0.00789005404258894,0,21627,23.424224115528165,0.13333333333333333,2,0,0,NA,1,245,8,209,106,0.0019582575435215703,0.36799340121609586,B2
Shan (North),MMR222,Mongmit,Mabein,MMR015018,52661.4567789598,19379,4845.1459807339925,0,0,0,2,0,0.00149633576159803,0,39892,9.414801699661668,0.06666666666666667,1,0,0,NA,1,294,9,244,129,0.0014656112824278575,0.367992098686921,B2
Shan (North),MMR222,Muse,Muse,MMR015009,190888.05915305082,71329,17832.644545071726,153,42,12,47,23,0.3951881894496473,301,36516,96.75110953001968,0.06666666666666667,1,200,1,NA,1,3,9,45,48,0.00539452949916387,0.37366926101338593,A2
Shan (North),MMR222,Muse,Namhkan,MMR015010,118919.91993078153,32000.474803373254,0,7,11,4,4,12,0.06255535668467041,9,24428,68.50773607779477,0.06666666666666667,1,1376,2,NA,1,97,9,167,257,0.002420158775730028,0.2690926366415268,A2
Shan (North),MMR222,Muse,Kutkai,MMR015011,194046.7688374802,74366,18591.573253793504,86,9,9,9,12,0.1882720766348829,61,58723,42.892408878373764,0,NA,3859,3,NA,1,27,10,36,44,0.005624214285000776,0.3832375073572273,A2
Shan (North),MMR222,Pa Laung Self-Administered Zone,Namhsan,MMR015016,80222.11539026989,18000.159464011853,0,9,5,1,6,6,0.03448528885131308,10,2759,48.05811719884955,0.06666666666666667,1,200,1,NA,1,146,9,256,257,0.0013613311727104776,0.22437901788607142,B2
Shan (North),MMR222,Pa Laung Self-Administered Zone,Manton,MMR015019,42887.56684089259,11999.434659827964,0,5,5,0,0,3,0.01753531259386039,9,10524,15.360555021503233,0.06666666666666667,1,243,1,NA,1,194,9,282,257,9.075033190670181e-4,0.27978818906524444,B2
Shan (South),MMR222,Danu Self-Administered Zone,Pindaya,MMR014006,88109.44569268427,32424,150,0,0,1,1,0,0.00690057670257039,0,45014,126.07289806933954,0.06666666666666667,1,2260,1,NA,1,254,9,163,253,0.0024521894948883248,0.3679968673630206,B2
Shan (South),MMR222,Danu Self-Administered Zone,Ywangan,MMR014007,91697.01993504175,33745,150,0,0,0,3,5,0.01093515525400971,4,31923,27.654683557178455,0,NA,2586,1,NA,1,226,10,151,253,0.002552095191987618,0.36800541635818684,B2
Shan (South),MMR222,Langkho,Langkho,MMR014018,44787.45905347584,12500.163110611034,0,NA,NA,NA,NA,NA,0,NA,35316,7.768275753898176,0.06666666666666667,1,0,0,NA,1,298,9,278,257,9.453728307497824e-4,0.2790996268773798,B2
Shan (South),MMR222,Langkho,Mongnai,MMR014019,43815.29198563354,16124,50,1,0,0,0,0,9.693071355194502e-4,0,33495,12.275945958987899,0,NA,49,1,201,0,296,10,266,255,0.0012194394095601823,0.3679993734901241,B2
Shan (South),MMR222,Langkho,Mawkmai,MMR014020,37564.53550142687,6000.108914943583,0,NA,NA,NA,NA,NA,0,NA,23201,13.8479310991775,0,NA,0,0,NA,1,298,10,306,257,4.537812746548988e-4,0.15972802098712685,B2
Shan (South),MMR222,Langkho,Mongpan,MMR014021,28805.03245814827,10600,50,2,1,0,0,0,0.00506711329490597,4,10377,9.593223632566815,0,NA,8,1,25,0,264,10,291,255,8.016656996612462e-4,0.36799125345201644,B2
Shan (South),MMR222,Loilen,Loilen,MMR014011,138388.81539341103,50927,50,0,1,2,2,0,0.01245974150973155,0,20495,94.13509231163087,0,NA,116,1,120,0,211,10,92,255,0.0038515499138347437,0.36799939254646397,B2
Shan (South),MMR222,Loilen,Laihka,MMR014012,54253.588674066115,19965,50,NA,NA,NA,NA,NA,0,NA,42540,17.460796100391317,0,NA,4,1,17,0,298,10,240,255,0.001509929782427998,0.3679940901226229,B2
Shan (South),MMR222,Loilen,Nansang,MMR014013,129949.29419646223,47821,1000,4,0,0,3,0,0.0068278065731118,3,63401,31.867204423661082,0,NA,839,2,29,0,255,10,101,236,0.0036166467380660803,0.3679973815610142,B2
Shan (South),MMR222,Loilen,Kunhing,MMR014014,59333.30048455188,21835,50,0,0,0,1,1,0.00300966261751152,0,27609,19.452081840493666,0,NA,0,0,NA,1,280,10,230,255,0.0016513557124625763,0.3680058217170137,B2
Shan (South),MMR222,Loilen,Kyethi,MMR014015,82621.9792377435,31215,5000,23,1,0,5,0,0.027385385350777,1,55508,19.881008877879545,0,NA,0,0,NA,1,162,10,171,125,0.0023607542278231883,0.3778050379328158,B2
Shan (South),MMR222,Loilen,Mongkaing,MMR014016,82544.20587231612,32294,50,10,4,0,12,5,0.04675499114049195,4,23048,19.659844762891293,0,NA,0,0,NA,1,127,10,165,255,0.002442357745741536,0.39123279046325943,B2
Shan (South),MMR222,Loilen,Monghsu,MMR014017,80830.96973675858,29746,50,0,0,0,1,3,0.00539769933685705,0,66533,44.37901513901442,0.06666666666666667,1,0,0,NA,1,262,9,188,255,0.0022496554624644744,0.36800251310696264,B2
Shan (South),MMR222,Pa-O Self-Administered Zone,Hopong,MMR014003,124824.02941479757,45935,50,0,0,0,4,0,0.00299267152319606,0,45620,38.44948373660422,0,NA,870,1,NA,1,281,10,110,255,0.0034740107465980508,0.367998054664261,B2
Shan (South),MMR222,Pa-O Self-Administered Zone,Hsihseng,MMR014004,170025.90940119364,63075,50,0,1,0,5,0,0.02341843935105044,0,70229,73.98135846885398,0.06666666666666667,1,1194,2,16,0,171,9,59,255,0.004770289057182368,0.37097287244127036,B2
Shan (South),MMR222,Pa-O Self-Administered Zone,Pinlaung,MMR014009,213606.77024246746,78645,50,3,1,0,3,0,0.04072586911473959,34,48876,56.59672251540324,0.06666666666666667,1,2364,1,NA,1,135,9,33,255,0.005947830089609312,0.3681765325636878,B2
Shan (South),MMR222,Taunggyi,Taunggyi,MMR014001,486701.276652264,179129,200,0,18,17,48,14,0.16605585168794637,15,122920,218.26467229458154,0.13333333333333333,2,1053,2,430,0,31,8,2,251,0.013547318407039561,0.36804711348226693,A2
Shan (South),MMR222,Taunggyi,Nyaungshwe,MMR014002,210440.28322149537,77442,20,0,0,0,4,5,0.02533893590026541,6,51357,128.2013467028146,0.06666666666666667,1,0,0,NA,1,165,9,34,256,0.005856848595581719,0.3679998848817825,B2
Shan (South),MMR222,Taunggyi,Kalaw,MMR014005,206747.15941177213,76083,100,1,3,4,16,5,0.04657356325853959,14,41992,127.74949869727759,0.06666666666666667,1,601,2,204,0,128,9,35,254,0.00575406900257798,0.3680002192845986,B2
Shan (South),MMR222,Taunggyi,Lawksawk,MMR014008,183022.9498121872,67352,20,2,0,0,3,0,0.00484129792733207,1,119856,32.01338931688777,0.06666666666666667,1,0,0,NA,1,269,9,52,256,0.005093753604111722,0.36799756571028197,B2
Shan (South),MMR222,Taunggyi,Pekon,MMR014010,115093.4703517542,48656,150,42,20,2,26,23,0.2474906431050068,186,43574,49.95869659285383,0.06666666666666667,1,3567,3,1257,0,14,9,99,253,0.003679796819124301,0.4227520453705601,A2
Tanintharyi,MMR006,Dawei,Dawei,MMR006001,156104.6855057658,37777,5667.399944364489,11,7,18,35,16,0.16991697493296165,53,17911,21.53612319640456,0,NA,50,1,50,0,30,10,133,118,0.002857030673217254,0.2419978610994651,A2
Tanintharyi,MMR006,Dawei,Launglon,MMR006002,125675.93475263125,30414,4561.96356877042,4,4,2,24,16,0.06742585153943077,32,41475,145.13695021354297,0.13333333333333333,2,0,0,NA,1,91,8,179,136,0.002300175527311051,0.24200337208443345,A2
Tanintharyi,MMR006,Dawei,Thayetchaung,MMR006003,112233.83467999121,27161,4073.911803025714,7,1,0,12,9,0.03806628360728946,30,27074,50.509487838818686,0.06666666666666667,1,4097,1,4097,0,139,9,203,145,0.002054154912122557,0.24200367097358208,B2
Tanintharyi,MMR006,Dawei,Yebyu,MMR006004,130260.37599431549,31675,4750.808359136868,1,5,2,14,7,0.04125937834629421,20,27332,30.27240444962558,0.06666666666666667,1,0,0,NA,1,134,9,168,131,0.002395543494034903,0.2431668092327807,B2
Tanintharyi,MMR006,Kawthoung,Kawthoung,MMR006009,148728.7911632599,35992,5399.144884661607,0,0,4,6,3,0.03028659184026264,11,5346,55.45075487476594,0.13333333333333333,2,184,1,184,0,153,8,142,121,0.002722033194547884,0.24199752931825758,B2
Tanintharyi,MMR006,Kawthoung,Bokpyin,MMR006010,86800.59531694955,21006,3151.1383960730022,NA,NA,NA,NA,NA,0,NA,11388,12.295223516943269,0,NA,0,0,NA,1,298,10,235,171,0.0015886594044418995,0.24200294852007956,B2
Tanintharyi,MMR006,Myeik,Myeik,MMR006005,302183.2957380707,73128,10968.746370572688,0,4,7,16,6,0.06126264565483513,15,43641,233.98489379872564,0.13333333333333333,2,0,0,NA,1,100,8,39,73,0.00553058578158751,0.2419988167161516,A2
Tanintharyi,MMR006,Myeik,Kyunsu,MMR006006,182435.48113600473,44149,6621.592059895221,0,0,0,2,1,0.00304617958028404,0,13411,54.784275357139016,0,NA,0,0,NA,1,279,10,112,104,0.00333893763908909,0.24199788179957793,B2
Tanintharyi,MMR006,Myeik,Palaw,MMR006007,138077.08199467565,33964,5095.369450381044,14,4,0,8,12,0.0548517501801714,43,42144,54.111723121895075,0.13333333333333333,2,145,1,145,0,109,8,150,123,0.002568657907857978,0.2459785469779096,B2
Tanintharyi,MMR006,Myeik,Tanintharyi,MMR006008,113498.91102819465,27467,4119.989529703143,3,3,0,3,5,0.02257064619055196,17,34285,9.410820313834414,0.26666666666666666,4,0,0,NA,1,174,6,200,143,0.002077297337037306,0.2420023218828666,B2
Yangon,MMR013,Yangon (East),Thingangyun,MMR013009,243788.8109873174,68261.25,68261.13292380996,1,25,8,14,5,0.08638945636230308,22,NA,15966.138700133255,0.13333333333333333,2,0,0,NA,1,70,8,50,14,0.00516251912650955,0.28000157071831794,A1
Yangon,MMR013,Yangon (East),Yankin,MMR013010,82563.23088085231,23117.5,23118.295357134808,0,10,4,8,2,0.03807505005860235,2,NA,14807.667801328658,0.13333333333333333,2,0,0,NA,1,138,8,225,42,0.001748349699237628,0.2799975213344189,B1
Yangon,MMR013,Yangon (East),South Okkalapa,MMR013011,187509.9813789108,52502.5,52503.20521470707,0,20,9,8,6,0.07766886499724103,3,NA,19606.87546613909,0.13333333333333333,2,0,0,NA,1,77,8,86,21,0.003970703150609866,0.2799984278911829,A1
Yangon,MMR013,Yangon (East),North Okkalapa,MMR013012,387868.8990213952,108603.75,108602.70827479297,3,13,9,8,9,0.08249063158274214,21,NA,12008.243092949193,0.2,3,255380,7,255380,0,75,7,10,4,0.008213575587696703,0.2800011815178028,A1
Yangon,MMR013,Yangon (East),Thaketa,MMR013013,256671.4959286959,71867.5,71867.9811399701,4,21,19,14,12,0.1467290550686598,20,NA,16400.60840215547,0.13333333333333333,2,0,0,NA,1,40,8,42,13,0.005435255629283453,0.27999797850543173,A1
Yangon,MMR013,Yangon (East),Dawbon,MMR013014,87659.28122938855,24545,24545.401262330946,0,6,3,4,5,0.03157877205541812,4,NA,24206.405876989902,0.13333333333333333,2,0,0,NA,1,152,8,217,41,0.0018563098677533288,0.2800045774476539,B1
Yangon,MMR013,Yangon (East),Tamwe,MMR013015,192382.59220542855,53867.5,53866.87418277388,1,16,26,20,5,0.1618999327415454,7,NA,33161.13445106529,0.13333333333333333,2,0,0,NA,1,32,8,84,20,0.004073936516651148,0.28000194499136183,A1
Yangon,MMR013,Yangon (East),Pazundaung,MMR013016,56389.38562190537,15788.75,15788.972025916059,0,6,2,6,1,0.02152987973503306,1,NA,45393.41719137697,0.13333333333333333,2,0,0,NA,1,182,8,268,52,0.0011940848410874057,0.2799950704528798,B1
Yangon,MMR013,Yangon (East),Botahtaung,MMR013017,47707.829193478705,13358.75,13357.807828590627,1,6,1,5,3,0.02185843511534297,8,NA,15756.250061399674,0.13333333333333333,2,0,0,NA,1,177,8,276,59,0.0010103067608820445,0.28001169254261604,B1
Yangon,MMR013,Yangon (East),Dagon Myothit (South),MMR013018,432502.10729209863,121100,121101.40995960019,6,19,10,13,16,0.11672350257568977,47,NA,9908.877831721176,0.13333333333333333,2,2770,1,NA,1,53,8,6,2,0.009158652474431784,0.2799986357481786,A1
Yangon,MMR013,Yangon (East),Dagon Myothit (North),MMR013019,237343.97727409672,66456.25,66455.6863647331,0,16,9,17,7,0.08526315778022187,17,NA,8435.84069391932,0.13333333333333333,2,0,0,NA,1,72,8,54,15,0.0050260090710483665,0.27999973187966337,A1
Yangon,MMR013,Yangon (East),Dagon Myothit (East),MMR013020,192749.1726712401,53970,53970.23165304706,0,3,0,5,2,0.01147609078058821,7,38769,1207.5130147162602,0.26666666666666666,4,0,0,NA,1,220,6,82,19,0.004081688472709194,0.2800012018316321,B1
Yangon,MMR013,Yangon (East),Dagon Myothit (Seikkan),MMR013021,194867.1931403737,54562.5,54563.18592132887,0,10,4,4,8,0.0469703808725245,13,NA,2171.3253824889853,0.2,3,276430,2,291802,0,126,7,79,18,0.004126498560166674,0.27999838823919215,B1
Yangon,MMR013,Yangon (East),Mingalartaungnyunt,MMR013022,154189.56265790385,43172.5,43172.9224559262,0,9,10,3,7,0.0698675138336986,6,NA,26807.04815179339,0.2,3,0,0,NA,1,88,7,118,29,0.0032650860772287875,0.2799962543235539,A1
Yangon,MMR013,Yangon (North),Insein,MMR013001,355272.33125192724,99476.25,99475.74725010256,0,23,19,12,17,0.1503906733580448,17,NA,10217.535787258495,0.13333333333333333,2,0,0,NA,1,36,8,15,6,0.007523273354332739,0.2799999922579402,A1
Yangon,MMR013,Yangon (North),Mingaladon,MMR013002,385882.3820209496,108047.5,108046.93303417561,4,14,0,20,9,0.04955774329865399,12,3253,2577.889692971146,0.2,3,0,0,NA,1,119,7,11,5,0.008171507045674386,0.28000112219203127,B1
Yangon,MMR013,Yangon (North),Hmawbi,MMR013003,284660.787304043,79705,79704.9795548732,0,7,0,3,1,0.01100183819956568,1,51919,519.1861957541133,0.13333333333333333,2,5961,1,NA,1,225,8,32,11,0.006027996659575436,0.27999992817720964,B2
Yangon,MMR013,Yangon (North),Hlegu,MMR013004,315074.1647437887,88221.25,88221.23387235914,2,5,0,13,10,0.03379083653577505,7,133876,179.28045080657554,0.06666666666666667,1,27837,1,NA,1,148,9,26,8,0.006672070764739595,0.28000153573917924,B2
Yangon,MMR013,Yangon (North),Taikkyi,MMR013005,322669.94474490674,90347.5,90348.4154733367,1,3,2,5,2,0.02219567101240314,9,227029,157.1748419169966,0.2,3,6266,1,NA,1,176,7,25,7,0.0068328765849192865,0.2799997380339407,B2
Yangon,MMR013,Yangon (North),Htantabin,MMR013006,169665.07705270514,47506.25,47505.77842627601,1,0,0,0,1,0.00369879298469818,4,146349,242.87047098109048,0.13333333333333333,2,0,0,NA,1,276,8,103,27,0.0035928425608049127,0.28000016753738044,B2
Yangon,MMR013,Yangon (North),Shwepyithar,MMR013007,399777.52729647426,111937.5,111938.2923577508,0,17,5,10,11,0.0677208306409157,13,1616,6140.512958059941,0.26666666666666666,4,380550,4,377218,0,90,6,9,3,0.008465703231682145,0.2799994806035892,A1
Yangon,MMR013,Yangon (North),Hlaingtharya,MMR013008,800503.5088140167,227976.27210950773,227976,7,42,7,20,23,0.15029945221233754,79,2298,8241.385927326728,0,NA,772658,5,642,0,37,10,1,1,0.017241580913851993,0.2847910966027684,A1
Yangon,MMR013,Yangon (South),Thanlyin,MMR013023,311957.6489106349,87348.75,87347.8583052521,5,11,2,9,9,0.05000085252746077,18,104703,745.4886795129743,0.2,3,11963,1,NA,1,116,7,28,9,0.006606084602196724,0.28000194996027294,B2
Yangon,MMR013,Yangon (South),Kyauktan,MMR013024,194867.1931403737,54562.5,54563.18592132887,0,0,0,0,2,0.00357040389646332,2,241883,208.75261034426435,0.26666666666666666,4,0,0,NA,1,277,6,79,18,0.004126498560166674,0.27999838823919215,B2
Yangon,MMR013,Yangon (South),Thongwa,MMR013025,183727.80196974368,51443.75,51444.21544937408,0,1,0,7,2,0.01027431426528159,4,280691,218.78462530907024,0.26666666666666666,4,0,0,NA,1,233,6,90,24,0.003890631116693229,0.2799998119417537,B2
Yangon,MMR013,Yangon (South),Kayan,MMR013026,183894.21786374706,51490,51489.61900097004,3,4,0,5,5,0.021677069494158,14,213815,248.2889913187015,0.2,3,0,0,NA,1,179,7,89,23,0.0038941289505242983,0.2799979281466617,B2
Yangon,MMR013,Yangon (South),Twantay,MMR013027,263979.8302947172,73913.75,73913.64751916009,3,4,1,12,5,0.03178938120789885,15,107421,314.1724258500356,0.2,3,0,0,NA,1,150,7,37,12,0.005590011142295889,0.2799977176948703,B2
Yangon,MMR013,Yangon (South),Kawhmu,MMR013028,138544.1411265676,38792.50000000001,38791.640487892946,4,1,0,5,5,0.02059975231545849,18,103036,193.57152961981802,0.2,3,0,0,NA,1,188,7,130,31,0.002933831759821594,0.2800010140057886,B2
Yangon,MMR013,Yangon (South),Kungyangon,MMR013029,129911.46209358246,36375,36374.7906150022,1,2,2,2,5,0.02525218678874982,16,121159,187.32274535666065,0.2,3,0,0,NA,1,166,7,137,32,0.002750999040111116,0.27999838823919215,B2
Yangon,MMR013,Yangon (South),Dala,MMR013030,201161.9034247383,56325,56324.6670430415,0,3,2,3,0,0.01592426608927669,6,46962,752.9539111608455,0.2,3,271760,4,289373,0,199,7,76,17,0.004259794389945254,0.2799983448211562,B2
Yangon,MMR013,Yangon (South),Seikgyikanaungto,MMR013031,39570.90659997209,11080,11080.146153935677,1,0,1,1,0,0.00635725343492055,0,307,2809.957107476298,0.13333333333333333,2,0,0,NA,1,258,8,286,72,8.379675426647742e-4,0.2800036934207571,B1
Yangon,MMR013,Yangon (South),Cocokyun,MMR013032,2257.670170395138,632.5,631.8523867747328,NA,NA,NA,NA,NA,0,NA,NA,58.509558174434844,0,NA,0,0,NA,1,298,10,319,247,4.7835241041107374e-5,0.2801560689838497,B2
Yangon,MMR013,Yangon (West),Kyauktada,MMR013033,34741.35443134332,9727.5,9728.420777423498,2,9,11,45,8,0.1105955919833126,11,NA,42503.929635908185,0.13333333333333333,2,0,0,NA,1,57,8,294,80,7.356795371183747e-4,0.2799977191224284,A1
Yangon,MMR013,Yangon (West),Pabedan,MMR013034,38794.68701045995,10862.5,10863.487658962093,0,1,0,1,1,0.00352938877316453,1,NA,53930.19801591035,0.13333333333333333,2,0,0,NA,1,278,8,290,74,8.215182700538005e-4,0.27999968132417763,B1
Yangon,MMR013,Yangon (West),Lanmadaw,MMR013035,54882.332595791086,15367.5,15366.946873362167,0,8,2,2,2,0.02231444804833636,2,NA,35986.57603000912,0.13333333333333333,2,0,0,NA,1,175,8,271,54,0.0011622261924098302,0.2800081423867638,B1
Yangon,MMR013,Yangon (West),Latha,MMR013036,29160.02137092318,8165,8165.194020751816,0,4,0,0,2,0.00755447967299873,2,NA,41462.9237863362,0.13333333333333333,2,0,0,NA,1,249,8,300,88,6.175094752579316e-4,0.28000665349791903,B1
Yangon,MMR013,Yangon (West),Ahlone,MMR013037,64567.03937827991,18078.75,18079.228976981663,1,5,3,1,1,0.02310818132966261,4,NA,16417.897215766207,0.13333333333333333,2,0,0,NA,1,172,8,255,46,0.001367274883750071,0.2799996743552349,B1
Yangon,MMR013,Yangon (West),Kyeemyindaing,MMR013038,129774.13988734195,36336.25,36337.24083314043,1,12,5,4,4,0.0474306965219871,9,NA,25023.19379775559,0.13333333333333333,2,0,0,NA,1,124,8,138,33,0.0027480684225769767,0.27999607650294434,B1
Yangon,MMR013,Yangon (West),Sanchaung,MMR013039,115931.36324979032,32461.25,32461.218291526653,3,18,19,20,7,0.13739325612619202,11,NA,41437.975050589426,0.13333333333333333,2,0,0,NA,1,43,8,160,34,0.002455006669163078,0.2800040393733463,A1
Yangon,MMR013,Yangon (West),Hlaing,MMR013040,186556.8721678007,52236.25,52236.07579312577,3,24,13,16,15,0.1277610758602224,23,NA,15756.03592309973,0.13333333333333333,2,0,0,NA,1,47,8,87,22,0.003950566972068846,0.2800017463469023,A1
Yangon,MMR013,Yangon (West),Kamaryut,MMR013041,98416.9632165703,27556.25,27557.2503016338,1,12,9,15,5,0.07482806818568806,5,NA,13067.089599074148,0.13333333333333333,2,0,0,NA,1,83,8,199,36,0.002084047210970775,0.27999492261675885,A1
Yangon,MMR013,Yangon (West),Mayangone,MMR013042,230553.5105502536,64555,64555.017045933484,2,22,5,11,9,0.07134658735786825,9,NA,7331.481312017441,0.2,3,0,0,NA,1,87,7,58,16,0.0048822197397765795,0.28000007393480564,A1
Yangon,MMR013,Yangon (West),Dagon,MMR013043,29189.115058686,8172.5,8173.04778384729,0,4,1,1,0,0.00937202207593651,0,NA,5123.846281563125,0.13333333333333333,2,0,0,NA,1,235,8,299,87,6.180766915548617e-4,0.2799845073606661,B1
Yangon,MMR013,Yangon (West),Bahan,MMR013044,112571.62418693941,31520,31519.94522775214,0,14,4,8,4,0.04562952973160109,4,NA,11413.415339108513,0.13333333333333333,2,0,0,NA,1,130,8,169,35,0.002383821023898347,0.27999951344449875,B1
Yangon,MMR013,Yangon (West),Seikkan,MMR013045,3288.7504647096184,921.25,921.1498942728779,NA,NA,NA,NA,NA,0,NA,NA,2408.6261431278886,0,NA,0,0,NA,1,298,10,318,238,6.967306847291726e-5,0.2801215871759192,B1
